{
    "datatype": "Int16LE",
    "format": "NIfTI-1.1 (GZip compressed)",
    "intensity_offset": 0.0,
    "intensity_scale": 0.0740684196352959,
    "keyval": {
        "comments": "4D image",
        "mrtrix_version": "3.0.2"
    },
    "name": "func.nii.gz",
    "size": [
        64,
        64,
        34,
        1600
    ],
    "spacing": [
        3.0,
        3.0,
        3.75,
        0.0
    ],
    "strides": [
        -1,
        2,
        3,
        4
    ],
    "transform": [
        [
            1.0,
            0.0,
            0.0,
            -86.9277114868164
        ],
        [
            -0.0,
            0.762668309032642,
            -0.646789744777349,
            -72.7393646240234
        ],
        [
            -0.0,
            0.646789803875487,
            0.762668359151507,
            -122.85962677002
        ],
        [
            0.0,
            0.0,
            0.0,
            1.0
        ]
    ]
}
