{
    "datatype": "Int16LE",
    "format": "NIfTI-1.1 (GZip compressed)",
    "intensity_offset": 0.0,
    "intensity_scale": 0.0765709429979324,
    "keyval": {
        "comments": "4D image",
        "mrtrix_version": "3.0.2"
    },
    "name": "func.nii.gz",
    "size": [
        64,
        64,
        34,
        1844
    ],
    "spacing": [
        3.0,
        2.99999976158142,
        3.74999976158142,
        0.0
    ],
    "strides": [
        -1,
        2,
        3,
        4
    ],
    "transform": [
        [
            1.0,
            0.0,
            0.0,
            -101.096382141113
        ],
        [
            -0.0,
            0.995055568813088,
            -0.0993197494431649,
            -97.8646392822266
        ],
        [
            -0.0,
            0.0993197612465015,
            0.995055569991218,
            -76.8780899047852
        ],
        [
            0.0,
            0.0,
            0.0,
            1.0
        ]
    ]
}
