{
    "datatype": "Int16LE",
    "format": "NIfTI-1.1 (GZip compressed)",
    "intensity_offset": 0.0,
    "intensity_scale": 0.0848719775676727,
    "keyval": {
        "comments": "4D image",
        "mrtrix_version": "3.0.2"
    },
    "name": "func.nii.gz",
    "size": [
        64,
        64,
        34,
        2222
    ],
    "spacing": [
        3.0,
        3.0,
        3.74999976158142,
        0.0
    ],
    "strides": [
        -1,
        2,
        3,
        4
    ],
    "transform": [
        [
            1.0,
            0.0,
            0.0,
            -85.5783157348633
        ],
        [
            -0.0,
            0.923879532873066,
            -0.382683448350418,
            -98.0012969970703
        ],
        [
            -0.0,
            0.382683431491678,
            0.923879525889947,
            -99.501594543457
        ],
        [
            0.0,
            0.0,
            0.0,
            1.0
        ]
    ]
}
