{
    "datatype": "UInt16LE",
    "format": "NIfTI-1.1 (GZip compressed)",
    "intensity_offset": 0.0,
    "intensity_scale": 1.0,
    "keyval": {
        "comments": "3T 3D IR\\GR TR=19",
        "mrtrix_version": "3.0.2"
    },
    "name": "anon_struct.nii.gz",
    "size": [
        384,
        512,
        176
    ],
    "spacing": [
        0.44921875,
        0.44921875,
        0.899999976158142
    ],
    "strides": [
        -1,
        2,
        3
    ],
    "transform": [
        [
            0.997470966017091,
            -0.064012873813157,
            0.0308875910359532,
            -75.6655170706943
        ],
        [
            0.0520852923844676,
            0.954029883455183,
            0.295150881030065,
            -137.283245178023
        ],
        [
            -0.0483610821855418,
            -0.292795719676144,
            0.954951262707774,
            -17.0344776244397
        ],
        [
            0.0,
            0.0,
            0.0,
            1.0
        ]
    ]
}
