{
    "datatype": "Int16LE",
    "format": "NIfTI-1.1 (GZip compressed)",
    "intensity_offset": 0.0,
    "intensity_scale": 0.0744041278958321,
    "keyval": {
        "comments": "4D image",
        "mrtrix_version": "3.0.2"
    },
    "name": "func.nii.gz",
    "size": [
        64,
        64,
        34,
        1720
    ],
    "spacing": [
        3.0,
        3.0,
        3.74999976158142,
        0.0
    ],
    "strides": [
        -1,
        2,
        3,
        4
    ],
    "transform": [
        [
            0.997585839303763,
            -0.0476353550825819,
            0.0505308173941448,
            -86.1166911577081
        ],
        [
            0.0435344372202275,
            0.995894400653521,
            0.079366814681362,
            -115.911396390971
        ],
        [
            -0.0541040293926853,
            -0.0769754226563303,
            0.995563933266374,
            -27.7752730456126
        ],
        [
            0.0,
            0.0,
            0.0,
            1.0
        ]
    ]
}
