{
    "datatype": "Int16LE",
    "format": "NIfTI-1.1 (GZip compressed)",
    "intensity_offset": 0.0,
    "intensity_scale": 0.083071380853653,
    "keyval": {
        "comments": "4D image",
        "mrtrix_version": "3.0.2"
    },
    "name": "func.nii.gz",
    "size": [
        64,
        64,
        34,
        1680
    ],
    "spacing": [
        3.0,
        3.0,
        3.75,
        0.0
    ],
    "strides": [
        -1,
        2,
        3,
        4
    ],
    "transform": [
        [
            1.0,
            0.0,
            0.0,
            -93.0
        ],
        [
            -0.0,
            0.854458833824629,
            -0.519519117412156,
            -89.8254470825195
        ],
        [
            -0.0,
            0.51951910580753,
            0.854458826768906,
            -111.980094909668
        ],
        [
            0.0,
            0.0,
            0.0,
            1.0
        ]
    ]
}
