{
    "datatype": "Int16LE",
    "format": "NIfTI-1.1 (GZip compressed)",
    "intensity_offset": 0.0,
    "intensity_scale": 0.0840479731559753,
    "keyval": {
        "comments": "4D image",
        "mrtrix_version": "3.0.2"
    },
    "name": "func.nii.gz",
    "size": [
        64,
        64,
        34,
        1830
    ],
    "spacing": [
        3.0,
        3.0,
        3.75,
        2.03999996185303
    ],
    "strides": [
        -1,
        2,
        3,
        4
    ],
    "transform": [
        [
            1.0,
            0.0,
            0.0,
            -100.421684265137
        ],
        [
            -0.0,
            0.860742035082468,
            -0.509041392973473,
            -88.3592987060547
        ],
        [
            -0.0,
            0.509041402090332,
            0.860742040474163,
            -135.008911132812
        ],
        [
            0.0,
            0.0,
            0.0,
            1.0
        ]
    ]
}
