{
    "datatype": "Int16LE",
    "format": "NIfTI-1.1 (GZip compressed)",
    "intensity_offset": 0.0,
    "intensity_scale": 0.0811181962490082,
    "keyval": {
        "comments": "4D image",
        "mrtrix_version": "3.0.2"
    },
    "name": "func.nii.gz",
    "size": [
        64,
        64,
        34,
        1804
    ],
    "spacing": [
        3.0,
        3.0,
        3.74999976158142,
        0.0
    ],
    "strides": [
        -1,
        2,
        3,
        4
    ],
    "transform": [
        [
            1.0,
            0.0,
            0.0,
            -93.0
        ],
        [
            -0.0,
            0.912120098100916,
            -0.409923065433666,
            -93.8728179931641
        ],
        [
            -0.0,
            0.409923074052163,
            0.912120101974223,
            -99.9578704833984
        ],
        [
            0.0,
            0.0,
            0.0,
            1.0
        ]
    ]
}
