{
    "datatype": "Int16LE",
    "format": "NIfTI-1.1 (GZip compressed)",
    "intensity_offset": 0.0,
    "intensity_scale": 0.0820032358169556,
    "keyval": {
        "comments": "4D image",
        "mrtrix_version": "3.0.2"
    },
    "name": "func.nii.gz",
    "size": [
        64,
        64,
        34,
        1852
    ],
    "spacing": [
        3.0,
        3.0,
        3.75,
        0.0
    ],
    "strides": [
        -1,
        2,
        3,
        4
    ],
    "transform": [
        [
            1.0,
            0.0,
            0.0,
            -97.0481948852539
        ],
        [
            -0.0,
            0.997052752388132,
            -0.0767190287661118,
            -93.3765029907227
        ],
        [
            -0.0,
            0.0767190260316792,
            0.997052752177729,
            -61.4058227539062
        ],
        [
            0.0,
            0.0,
            0.0,
            1.0
        ]
    ]
}
