{
    "datatype": "Int16LE",
    "format": "NIfTI-1.1 (GZip compressed)",
    "intensity_offset": 0.0,
    "intensity_scale": 0.0889919772744179,
    "keyval": {
        "comments": "4D image",
        "mrtrix_version": "3.0.2"
    },
    "name": "func.nii.gz",
    "size": [
        64,
        64,
        34,
        1800
    ],
    "spacing": [
        3.0,
        3.0,
        3.75,
        0.0
    ],
    "strides": [
        -1,
        2,
        3,
        4
    ],
    "transform": [
        [
            1.0,
            0.0,
            0.0,
            -105.144577026367
        ],
        [
            -0.0,
            0.946649260593196,
            -0.322265697388825,
            -77.5439758300781
        ],
        [
            -0.0,
            0.322265693827866,
            0.946649259380946,
            -121.604873657227
        ],
        [
            0.0,
            0.0,
            0.0,
            1.0
        ]
    ]
}
