{
    "datatype": "Int16LE",
    "format": "NIfTI-1.1 (GZip compressed)",
    "intensity_offset": 0.0,
    "intensity_scale": 0.0835291594266891,
    "keyval": {
        "comments": "4D image",
        "mrtrix_version": "3.0.2"
    },
    "name": "func.nii.gz",
    "size": [
        64,
        64,
        34,
        1780
    ],
    "spacing": [
        3.0,
        3.0,
        3.75,
        0.0
    ],
    "strides": [
        -1,
        2,
        3,
        4
    ],
    "transform": [
        [
            1.0,
            0.0,
            0.0,
            -99.0722885131836
        ],
        [
            -0.0,
            0.932953523309846,
            -0.359996858715544,
            -78.6585464477539
        ],
        [
            -0.0,
            0.359996837963537,
            0.932953515302312,
            -113.471267700195
        ],
        [
            0.0,
            0.0,
            0.0,
            1.0
        ]
    ]
}
