{
    "datatype": "Int16LE",
    "format": "NIfTI-1.1 (GZip compressed)",
    "intensity_offset": 0.0,
    "intensity_scale": 0.0771813094615936,
    "keyval": {
        "comments": "4D image",
        "mrtrix_version": "3.0.2"
    },
    "name": "func.nii.gz",
    "size": [
        64,
        64,
        34,
        1727
    ],
    "spacing": [
        3.0,
        3.0,
        3.75,
        0.0
    ],
    "strides": [
        -1,
        2,
        3,
        4
    ],
    "transform": [
        [
            1.0,
            0.0,
            0.0,
            -97.7228927612305
        ],
        [
            -0.0,
            0.882947590706085,
            -0.46947154824777,
            -93.5475006103516
        ],
        [
            -0.0,
            0.469471566834797,
            0.882947600588983,
            -103.690826416016
        ],
        [
            0.0,
            0.0,
            0.0,
            1.0
        ]
    ]
}
