{
    "datatype": "Int16LE",
    "format": "NIfTI-1.1 (GZip compressed)",
    "intensity_offset": 0.0,
    "intensity_scale": 0.078218936920166,
    "keyval": {
        "comments": "4D image",
        "mrtrix_version": "3.0.2"
    },
    "name": "func.nii.gz",
    "size": [
        64,
        64,
        34,
        1736
    ],
    "spacing": [
        3.0,
        2.99999976158142,
        3.75,
        0.0
    ],
    "strides": [
        -1,
        2,
        3,
        4
    ],
    "transform": [
        [
            1.0,
            0.0,
            0.0,
            -96.3734970092773
        ],
        [
            -0.0,
            0.848048100280071,
            -0.529919254779194,
            -82.5134506225586
        ],
        [
            -0.0,
            0.529919257633994,
            0.848048102063947,
            -112.550651550293
        ],
        [
            0.0,
            0.0,
            0.0,
            1.0
        ]
    ]
}
