{
    "datatype": "Int16LE",
    "format": "NIfTI-1.1 (GZip compressed)",
    "intensity_offset": 0.0,
    "intensity_scale": 0.0834681242704391,
    "keyval": {
        "comments": "4D image",
        "mrtrix_version": "3.0.2"
    },
    "name": "func.nii.gz",
    "size": [
        64,
        64,
        34,
        1766
    ],
    "spacing": [
        3.0,
        3.0,
        3.75,
        0.0
    ],
    "strides": [
        -1,
        2,
        3,
        4
    ],
    "transform": [
        [
            1.0,
            0.0,
            0.0,
            -87.602409362793
        ],
        [
            -0.0,
            0.892585834931751,
            -0.450877514462037,
            -73.3292999267578
        ],
        [
            -0.0,
            0.450877508065316,
            0.892585831700535,
            -107.280838012695
        ],
        [
            0.0,
            0.0,
            0.0,
            1.0
        ]
    ]
}
