{
    "datatype": "Int16LE",
    "format": "NIfTI-1.1 (GZip compressed)",
    "intensity_offset": 0.0,
    "intensity_scale": 0.0783715322613716,
    "keyval": {
        "comments": "4D image",
        "mrtrix_version": "3.0.2"
    },
    "name": "func.nii.gz",
    "size": [
        64,
        64,
        34,
        1760
    ],
    "spacing": [
        3.0,
        3.0,
        3.75,
        0.0
    ],
    "strides": [
        -1,
        2,
        3,
        4
    ],
    "transform": [
        [
            1.0,
            0.0,
            0.0,
            -97.0481948852539
        ],
        [
            -0.0,
            0.904827060860663,
            -0.425779280615135,
            -69.9484024047852
        ],
        [
            -0.0,
            0.425779273725547,
            0.904827057618669,
            -102.330635070801
        ],
        [
            0.0,
            0.0,
            0.0,
            1.0
        ]
    ]
}
