{
    "datatype": "Int16LE",
    "format": "NIfTI-1.1 (GZip compressed)",
    "intensity_offset": 0.0,
    "intensity_scale": 0.0946073830127716,
    "keyval": {
        "comments": "4D image",
        "mrtrix_version": "3.0.2"
    },
    "name": "func.nii.gz",
    "size": [
        64,
        64,
        34,
        1790
    ],
    "spacing": [
        3.0,
        3.0,
        3.75000023841858,
        0.0
    ],
    "strides": [
        -1,
        2,
        3,
        4
    ],
    "transform": [
        [
            1.0,
            0.0,
            0.0,
            -101.771087646484
        ],
        [
            -0.0,
            0.94380094926358,
            -0.33051438658363,
            -82.1662826538086
        ],
        [
            -0.0,
            0.330514399337102,
            0.943800953729782,
            -103.30419921875
        ],
        [
            0.0,
            0.0,
            0.0,
            1.0
        ]
    ]
}
