{
    "datatype": "Int16LE",
    "format": "NIfTI-1.1 (GZip compressed)",
    "intensity_offset": 0.0,
    "intensity_scale": 0.0859401226043701,
    "keyval": {
        "comments": "4D image",
        "mrtrix_version": "3.0.2"
    },
    "name": "func.nii.gz",
    "size": [
        64,
        64,
        34,
        1892
    ],
    "spacing": [
        3.0,
        2.99999976158142,
        3.75,
        0.0
    ],
    "strides": [
        -1,
        2,
        3,
        4
    ],
    "transform": [
        [
            1.0,
            0.0,
            0.0,
            -97.7228927612305
        ],
        [
            -0.0,
            0.975916754251455,
            -0.218143246312619,
            -100.202407836914
        ],
        [
            -0.0,
            0.218143275787508,
            0.975916760839874,
            -75.2745819091797
        ],
        [
            0.0,
            0.0,
            0.0,
            1.0
        ]
    ]
}
