{
    "datatype": "Int16LE",
    "format": "NIfTI-1.1 (GZip compressed)",
    "intensity_offset": 0.0,
    "intensity_scale": 0.0802026465535164,
    "keyval": {
        "comments": "4D image",
        "mrtrix_version": "3.0.2"
    },
    "name": "func.nii.gz",
    "size": [
        64,
        64,
        34,
        1796
    ],
    "spacing": [
        3.0,
        3.00000023841858,
        3.75,
        0.0
    ],
    "strides": [
        -1,
        2,
        3,
        4
    ],
    "transform": [
        [
            1.0,
            0.0,
            0.0,
            -100.421684265137
        ],
        [
            -0.0,
            0.928485827242292,
            -0.371367842866651,
            -99.8045349121094
        ],
        [
            -0.0,
            0.371367834646723,
            0.928485823954556,
            -87.939079284668
        ],
        [
            0.0,
            0.0,
            0.0,
            1.0
        ]
    ]
}
