{
    "datatype": "Int16LE",
    "format": "NIfTI-1.1 (GZip compressed)",
    "intensity_offset": 0.0,
    "intensity_scale": 0.0823389366269112,
    "keyval": {
        "comments": "4D image",
        "mrtrix_version": "3.0.2"
    },
    "name": "func.nii.gz",
    "size": [
        64,
        64,
        34,
        1792
    ],
    "spacing": [
        3.0,
        3.0,
        3.75000023841858,
        0.0
    ],
    "strides": [
        -1,
        2,
        3,
        4
    ],
    "transform": [
        [
            1.0,
            0.0,
            0.0,
            -95.6987915039062
        ],
        [
            -0.0,
            0.872069268143934,
            -0.489382470738739,
            -88.6050338745117
        ],
        [
            -0.0,
            0.489382459390305,
            0.872069261775489,
            -117.688720703125
        ],
        [
            0.0,
            0.0,
            0.0,
            1.0
        ]
    ]
}
