{
    "datatype": "Int16LE",
    "format": "NIfTI-1.1 (GZip compressed)",
    "intensity_offset": 0.0,
    "intensity_scale": 0.0763878300786018,
    "keyval": {
        "comments": "4D image",
        "mrtrix_version": "3.0.2"
    },
    "name": "func.nii.gz",
    "size": [
        64,
        64,
        34,
        1688
    ],
    "spacing": [
        3.0,
        3.0,
        3.75,
        0.0
    ],
    "strides": [
        -1,
        2,
        3,
        4
    ],
    "transform": [
        [
            1.0,
            0.0,
            0.0,
            -91.6506042480469
        ],
        [
            -0.0,
            0.872922088692212,
            -0.487859664350136,
            -94.1761627197266
        ],
        [
            -0.0,
            0.487859638700749,
            0.872922074357255,
            -129.744445800781
        ],
        [
            0.0,
            0.0,
            0.0,
            1.0
        ]
    ]
}
