{
    "datatype": "UInt16LE",
    "format": "NIfTI-1.1 (GZip compressed)",
    "intensity_offset": 0.0,
    "intensity_scale": 1.0,
    "keyval": {
        "comments": "3T 3D IR\\GR TR=19",
        "mrtrix_version": "3.0.2"
    },
    "name": "anon_struct.nii.gz",
    "size": [
        384,
        512,
        176
    ],
    "spacing": [
        0.44921875,
        0.449218779802322,
        0.899999976158142
    ],
    "strides": [
        -1,
        2,
        3
    ],
    "transform": [
        [
            1.0,
            0.0,
            0.0,
            -85.80078125
        ],
        [
            -0.0,
            0.995724696991908,
            -0.0923706451569881,
            -126.353126525879
        ],
        [
            -0.0,
            0.0923706003031914,
            0.995724692830946,
            -109.235404968262
        ],
        [
            0.0,
            0.0,
            0.0,
            1.0
        ]
    ]
}
