{
    "datatype": "UInt16LE",
    "format": "NIfTI-1.1 (GZip compressed)",
    "intensity_offset": 0.0,
    "intensity_scale": 1.0,
    "keyval": {
        "comments": "3T 3D IR\\GR TR=19",
        "mrtrix_version": "3.0.2"
    },
    "name": "anon_struct.nii.gz",
    "size": [
        384,
        512,
        176
    ],
    "spacing": [
        0.44921875,
        0.44921875,
        0.899999976158142
    ],
    "strides": [
        -1,
        2,
        3
    ],
    "transform": [
        [
            1.0,
            0.0,
            0.0,
            -89.1742782592773
        ],
        [
            -0.0,
            1.0,
            0.0,
            -118.598976135254
        ],
        [
            -0.0,
            0.0,
            1.0,
            -91.5692749023438
        ],
        [
            0.0,
            0.0,
            0.0,
            1.0
        ]
    ]
}
