{
    "datatype": "Int16LE",
    "format": "NIfTI-1.1 (GZip compressed)",
    "intensity_offset": 0.0,
    "intensity_scale": 0.0827356800436974,
    "keyval": {
        "comments": "4D image",
        "mrtrix_version": "3.0.2"
    },
    "name": "func.nii.gz",
    "size": [
        64,
        64,
        34,
        1810
    ],
    "spacing": [
        3.0,
        3.0,
        3.74999976158142,
        0.0
    ],
    "strides": [
        -1,
        2,
        3,
        4
    ],
    "transform": [
        [
            1.0,
            0.0,
            0.0,
            -86.2530136108398
        ],
        [
            -0.0,
            0.91354545297097,
            -0.406736645482835,
            -94.2025375366211
        ],
        [
            -0.0,
            0.406736653568454,
            0.91354545657092,
            -115.267791748047
        ],
        [
            0.0,
            0.0,
            0.0,
            1.0
        ]
    ]
}
