{
    "datatype": "Int16LE",
    "format": "NIfTI-1.1 (GZip compressed)",
    "intensity_offset": 0.0,
    "intensity_scale": 0.0787682756781578,
    "keyval": {
        "comments": "4D image",
        "mrtrix_version": "3.0.2"
    },
    "name": "func.nii.gz",
    "size": [
        64,
        64,
        34,
        1646
    ],
    "spacing": [
        3.0,
        3.0,
        3.75,
        0.0
    ],
    "strides": [
        -1,
        2,
        3,
        4
    ],
    "transform": [
        [
            1.0,
            0.0,
            0.0,
            -95.6987915039062
        ],
        [
            -0.0,
            0.843391426731979,
            -0.537299615685939,
            -86.3466186523438
        ],
        [
            -0.0,
            0.537299638297847,
            0.843391441137354,
            -102.828407287598
        ],
        [
            0.0,
            0.0,
            0.0,
            1.0
        ]
    ]
}
