{
    "datatype": "Int16LE",
    "format": "NIfTI-1.1 (GZip compressed)",
    "intensity_offset": 0.0,
    "intensity_scale": 0.0745567157864571,
    "keyval": {
        "comments": "4D image",
        "mrtrix_version": "3.0.2"
    },
    "name": "func.nii.gz",
    "size": [
        64,
        64,
        34,
        1865
    ],
    "spacing": [
        3.0,
        3.0,
        3.75,
        0.0
    ],
    "strides": [
        -1,
        2,
        3,
        4
    ],
    "transform": [
        [
            1.0,
            0.0,
            0.0,
            -86.2530136108398
        ],
        [
            -0.0,
            0.91283418300959,
            -0.408330473956572,
            -92.013671875
        ],
        [
            -0.0,
            0.408330447467752,
            0.912834171160568,
            -120.094902038574
        ],
        [
            0.0,
            0.0,
            0.0,
            1.0
        ]
    ]
}
