{
    "datatype": "Int16LE",
    "format": "NIfTI-1.1 (GZip compressed)",
    "intensity_offset": 0.0,
    "intensity_scale": 0.0789513811469078,
    "keyval": {
        "comments": "4D image",
        "mrtrix_version": "3.0.2"
    },
    "name": "func.nii.gz",
    "size": [
        64,
        64,
        34,
        1760
    ],
    "spacing": [
        3.0,
        3.0,
        3.75,
        0.0
    ],
    "strides": [
        -1,
        2,
        3,
        4
    ],
    "transform": [
        [
            1.0,
            0.0,
            0.0,
            -102.445785522461
        ],
        [
            -0.0,
            1.0,
            0.0,
            -93.6746978759766
        ],
        [
            -0.0,
            0.0,
            1.0,
            -71.3207855224609
        ],
        [
            0.0,
            0.0,
            0.0,
            1.0
        ]
    ]
}
