{
    "datatype": "Int16LE",
    "format": "NIfTI-1.1 (GZip compressed)",
    "intensity_offset": 0.0,
    "intensity_scale": 0.0849635303020477,
    "keyval": {
        "comments": "4D image",
        "mrtrix_version": "3.0.2"
    },
    "name": "func.nii.gz",
    "size": [
        64,
        64,
        34,
        1812
    ],
    "spacing": [
        3.0,
        3.0,
        3.74999976158142,
        0.0
    ],
    "strides": [
        -1,
        2,
        3,
        4
    ],
    "transform": [
        [
            1.0,
            0.0,
            0.0,
            -101.096382141113
        ],
        [
            -0.0,
            0.905568791957052,
            -0.424199437804255,
            -68.765739440918
        ],
        [
            -0.0,
            0.424199437804255,
            0.905568791957052,
            -94.1332168579102
        ],
        [
            0.0,
            0.0,
            0.0,
            1.0
        ]
    ]
}
