{
    "datatype": "Int16LE",
    "format": "NIfTI-1.1 (GZip compressed)",
    "intensity_offset": 0.0,
    "intensity_scale": 0.0813318267464638,
    "keyval": {
        "comments": "4D image",
        "mrtrix_version": "3.0.2"
    },
    "name": "func.nii.gz",
    "size": [
        64,
        64,
        34,
        1826
    ],
    "spacing": [
        3.0,
        3.0,
        3.75,
        0.0
    ],
    "strides": [
        -1,
        2,
        3,
        4
    ],
    "transform": [
        [
            1.0,
            0.0,
            0.0,
            -97.7228927612305
        ],
        [
            -0.0,
            0.894154241966192,
            -0.447759115724431,
            -92.559684753418
        ],
        [
            -0.0,
            0.447759077600738,
            0.894154222875268,
            -105.063774108887
        ],
        [
            0.0,
            0.0,
            0.0,
            1.0
        ]
    ]
}
