{
    "datatype": "Int16LE",
    "format": "NIfTI-1.1 (GZip compressed)",
    "intensity_offset": 0.0,
    "intensity_scale": 0.0898464918136597,
    "keyval": {
        "comments": "4D image",
        "mrtrix_version": "3.0.2"
    },
    "name": "func.nii.gz",
    "size": [
        64,
        64,
        34,
        1830
    ],
    "spacing": [
        3.0,
        3.0,
        3.75,
        0.0
    ],
    "strides": [
        -1,
        2,
        3,
        4
    ],
    "transform": [
        [
            1.0,
            0.0,
            0.0,
            -99.0722885131836
        ],
        [
            -0.0,
            0.91354545297097,
            -0.406736621858898,
            -95.5519332885742
        ],
        [
            -0.0,
            0.406736653568454,
            0.913545467088974,
            -93.0027313232422
        ],
        [
            0.0,
            0.0,
            0.0,
            1.0
        ]
    ]
}
