{
    "datatype": "Int16LE",
    "format": "NIfTI-1.1 (GZip compressed)",
    "intensity_offset": 0.0,
    "intensity_scale": 0.0764183476567268,
    "keyval": {
        "comments": "4D image",
        "mrtrix_version": "3.0.2"
    },
    "name": "func.nii.gz",
    "size": [
        64,
        64,
        34,
        1678
    ],
    "spacing": [
        3.0,
        3.0,
        3.75,
        0.0
    ],
    "strides": [
        -1,
        2,
        3,
        4
    ],
    "transform": [
        [
            1.0,
            0.0,
            0.0,
            -89.6265029907227
        ],
        [
            -0.0,
            0.867765433670526,
            -0.496973995422902,
            -80.9880676269531
        ],
        [
            -0.0,
            0.496973995422902,
            0.867765433670526,
            -94.5139770507812
        ],
        [
            0.0,
            0.0,
            0.0,
            1.0
        ]
    ]
}
