{
    "datatype": "Int16LE",
    "format": "NIfTI-1.1 (GZip compressed)",
    "intensity_offset": 0.0,
    "intensity_scale": 0.0778832361102104,
    "keyval": {
        "comments": "4D image",
        "mrtrix_version": "3.0.2"
    },
    "name": "func.nii.gz",
    "size": [
        64,
        64,
        34,
        1774
    ],
    "spacing": [
        3.0,
        2.99999976158142,
        3.75,
        0.0
    ],
    "strides": [
        -1,
        2,
        3,
        4
    ],
    "transform": [
        [
            1.0,
            0.0,
            0.0,
            -93.0
        ],
        [
            -0.0,
            0.909961265126075,
            -0.414693263020466,
            -79.2082214355469
        ],
        [
            -0.0,
            0.414693255274491,
            0.90996126159603,
            -102.96671295166
        ],
        [
            0.0,
            0.0,
            0.0,
            1.0
        ]
    ]
}
