{
    "datatype": "Int16LE",
    "format": "NIfTI-1.1 (GZip compressed)",
    "intensity_offset": 0.0,
    "intensity_scale": 0.0963774546980858,
    "keyval": {
        "comments": "4D image",
        "mrtrix_version": "3.0.2"
    },
    "name": "func.nii.gz",
    "size": [
        64,
        64,
        34,
        1830
    ],
    "spacing": [
        3.0,
        3.0,
        3.75,
        0.0
    ],
    "strides": [
        -1,
        2,
        3,
        4
    ],
    "transform": [
        [
            1.0,
            0.0,
            0.0,
            -99.7469863891602
        ],
        [
            -0.0,
            0.94380094926358,
            -0.330514406416228,
            -103.756645202637
        ],
        [
            -0.0,
            0.330514399337102,
            0.943800946784505,
            -98.5813064575195
        ],
        [
            0.0,
            0.0,
            0.0,
            1.0
        ]
    ]
}
