{
    "datatype": "Int16LE",
    "format": "NIfTI-1.1 (GZip compressed)",
    "intensity_offset": 0.0,
    "intensity_scale": 0.0864894539117813,
    "keyval": {
        "comments": "4D image",
        "mrtrix_version": "3.0.2"
    },
    "name": "func.nii.gz",
    "size": [
        64,
        64,
        34,
        1800
    ],
    "spacing": [
        3.0,
        3.0,
        3.75,
        0.0
    ],
    "strides": [
        -1,
        2,
        3,
        4
    ],
    "transform": [
        [
            1.0,
            0.0,
            0.0,
            -99.0722885131836
        ],
        [
            -0.0,
            0.906307782069797,
            -0.42261828588773,
            -86.4744720458984
        ],
        [
            -0.0,
            0.42261827239215,
            0.906307775776704,
            -78.5138244628906
        ],
        [
            0.0,
            0.0,
            0.0,
            1.0
        ]
    ]
}
