{
    "datatype": "Int16LE",
    "format": "NIfTI-1.1 (GZip compressed)",
    "intensity_offset": 0.0,
    "intensity_scale": 0.0784630849957466,
    "keyval": {
        "comments": "4D image",
        "mrtrix_version": "3.0.2"
    },
    "name": "func.nii.gz",
    "size": [
        64,
        64,
        34,
        1747
    ],
    "spacing": [
        3.0,
        3.0,
        3.75,
        0.0
    ],
    "strides": [
        -1,
        2,
        3,
        4
    ],
    "transform": [
        [
            1.0,
            0.0,
            0.0,
            -110.542167663574
        ],
        [
            -0.0,
            0.993372765958372,
            -0.114937143769433,
            -94.7177124023438
        ],
        [
            -0.0,
            0.114937147398973,
            0.993372766378324,
            -95.7685546875
        ],
        [
            0.0,
            0.0,
            0.0,
            1.0
        ]
    ]
}
