{
    "datatype": "Int16LE",
    "format": "NIfTI-1.1 (GZip compressed)",
    "intensity_offset": 0.0,
    "intensity_scale": 0.0791955292224884,
    "keyval": {
        "comments": "4D image",
        "mrtrix_version": "3.0.2"
    },
    "name": "func.nii.gz",
    "size": [
        64,
        64,
        34,
        1800
    ],
    "spacing": [
        3.0,
        3.0,
        3.75000023841858,
        0.0
    ],
    "strides": [
        -1,
        2,
        3,
        4
    ],
    "transform": [
        [
            1.0,
            0.0,
            0.0,
            -100.421684265137
        ],
        [
            -0.0,
            0.964557420183518,
            -0.263873027823749,
            -104.412841796875
        ],
        [
            -0.0,
            0.263873043657204,
            0.964557424515061,
            -74.1016998291016
        ],
        [
            0.0,
            0.0,
            0.0,
            1.0
        ]
    ]
}
