{
    "datatype": "Int16LE",
    "format": "NIfTI-1.1 (GZip compressed)",
    "intensity_offset": 0.0,
    "intensity_scale": 0.0864894539117813,
    "keyval": {
        "comments": "4D image",
        "mrtrix_version": "3.0.2"
    },
    "name": "func.nii.gz",
    "size": [
        64,
        64,
        34,
        1784
    ],
    "spacing": [
        3.0,
        3.0,
        3.75,
        0.0
    ],
    "strides": [
        -1,
        2,
        3,
        4
    ],
    "transform": [
        [
            1.0,
            0.0,
            0.0,
            -94.3493957519531
        ],
        [
            -0.0,
            0.912120098100916,
            -0.409923041661803,
            -97.2463150024414
        ],
        [
            -0.0,
            0.409923074052163,
            0.912120112657722,
            -89.1626892089844
        ],
        [
            0.0,
            0.0,
            0.0,
            1.0
        ]
    ]
}
